-- phpMyAdmin SQL Dump
-- version 3.2.4
-- http://www.phpmyadmin.net
--
-- 主机: localhost
-- 生成日期: 2011 年 03 月 06 日 11:30
-- 服务器版本: 5.1.41
-- PHP 版本: 5.3.1

SET SQL_MODE="NO_AUTO_VALUE_ON_ZERO";


/*!40101 SET @OLD_CHARACTER_SET_CLIENT=@@CHARACTER_SET_CLIENT */;
/*!40101 SET @OLD_CHARACTER_SET_RESULTS=@@CHARACTER_SET_RESULTS */;
/*!40101 SET @OLD_COLLATION_CONNECTION=@@COLLATION_CONNECTION */;
/*!40101 SET NAMES utf8 */;

--
-- 数据库: `yogng`
--

-- --------------------------------------------------------

--
-- 表的结构 `delegation`
--

CREATE TABLE IF NOT EXISTS `delegation` (
  `delegation_id` bigint(20) NOT NULL AUTO_INCREMENT,
  `delegation_registered` datetime NOT NULL,
  `prople_num` int(11) NOT NULL,
  `img_path` varchar(500) NOT NULL,
  `remark` varchar(5000) NOT NULL,
  `nation` varchar(100) NOT NULL,
  `charge_person_account` varchar(500) NOT NULL,
  `temp_place` varchar(100) NOT NULL,
  PRIMARY KEY (`delegation_id`)
) ENGINE=MyISAM  DEFAULT CHARSET=latin1 AUTO_INCREMENT=2 ;

--
-- 转存表中的数据 `delegation`
--

INSERT INTO `delegation` (`delegation_id`, `delegation_registered`, `prople_num`, `img_path`, `remark`, `nation`, `charge_person_account`, `temp_place`) VALUES
(1, '2010-12-13 17:47:19', 100, 'china_flag.jpg', 'Youth Olympic sports delegation to China remark', 'China', 'dxg', 'Nanjing Big Restaraunt');

-- --------------------------------------------------------

--
-- 表的结构 `invitation`
--

CREATE TABLE IF NOT EXISTS `invitation` (
  `invite_ID` bigint(20) NOT NULL AUTO_INCREMENT,
  `invite_code` varchar(64) NOT NULL,
  `invite_priority` int(11) NOT NULL,
  `invite_allow` tinyint(1) NOT NULL,
  `invite_deadline` date NOT NULL,
  PRIMARY KEY (`invite_ID`)
) ENGINE=MyISAM  DEFAULT CHARSET=utf8 AUTO_INCREMENT=4 ;

--
-- 转存表中的数据 `invitation`
--

INSERT INTO `invitation` (`invite_ID`, `invite_code`, `invite_priority`, `invite_allow`, `invite_deadline`) VALUES
(2, 'abcdefg', 1, 1, '2010-08-21'),
(1, 'invitecodetest', 1, 1, '2010-08-31'),
(3, 'abcdehg', 1, 1, '2010-08-21');

-- --------------------------------------------------------

--
-- 表的结构 `path`
--

CREATE TABLE IF NOT EXISTS `path` (
  `path_ID` bigint(20) NOT NULL AUTO_INCREMENT,
  `subpath_IDs` varchar(200) NOT NULL,
  `path_startpoint` varchar(60) NOT NULL,
  `path_endpoint` varchar(60) NOT NULL,
  PRIMARY KEY (`path_ID`)
) ENGINE=MyISAM  DEFAULT CHARSET=utf8 AUTO_INCREMENT=48 ;

--
-- 转存表中的数据 `path`
--

INSERT INTO `path` (`path_ID`, `subpath_IDs`, `path_startpoint`, `path_endpoint`) VALUES
(13, '100&101&102', '莫愁湖，南京', '南京大学'),
(12, '98&99', '新街口，南京', '南京大学'),
(11, '97', '南京新百', '南京大学'),
(10, '95&96', '莫愁湖，南京', '南京大学'),
(9, '93&94', '新街口，南京', '南京大学'),
(14, '103&104', '南京新百', '玄武门，南京'),
(15, '105&106', '雨花台，南京', '玄武门，南京'),
(16, '107&108', '雨花台，南京', '南京长江大桥'),
(17, '109&110', '中山，广东', '南京长江大桥'),
(18, '111&112', '南大仙林校区站', '南京长江大桥'),
(19, '113&114&115&116&117', '玄武门，南京', '天安门，北京'),
(20, '118&119', '中华门，南京', '天安门，北京'),
(21, '120&121&122&123', '南京西路，上海', '天安门，北京'),
(22, '124', '新街口，南京', '南京站'),
(23, '125&126', '南京第一中学', '南京站'),
(24, '127', '莫愁湖', '南京站'),
(25, '128&129', '南京工业大学', '南京站'),
(26, '130&131', '南京新百', '南京站'),
(27, '132&133', '东方城，南京', '南京站'),
(28, '134&135', '阅江楼景区，南京', '南京站'),
(29, '136&137', '马群，南京', '新街口，南京'),
(30, '138&139', '古鸡鸣寺，南京', '新街口，南京'),
(31, '96', '下马坊，南京', '南京大学'),
(32, '98', '新街口，南京', '鼓楼，南京'),
(33, '140&141', '下马坊，南京', '南京大学'),
(35, '144', '应天技术职业学院', '南大仙林校区站'),
(36, '145', '平家岗', '南大仙林校区站'),
(37, '146', '都市绿洲酒店', '南大仙林校区站'),
(38, '147', '仙林新村南区', '南大仙林校区站'),
(39, '148', '工艺美术大楼，南京', '鼓楼站，南京'),
(40, '149', '南京大学新闻传播学院，南京', '鼓楼站，南京'),
(41, '150', '南京华美达怡华酒店', '鼓楼站，南京'),
(42, '151', '新街口，南京', '南京大学'),
(43, '141', '莫愁湖，南京', '南京大学'),
(44, '152', '南京华美达怡华酒店，南京', '鼓楼站，南京'),
(45, '153&154', '南京大学', '鼓楼站，南京'),
(46, '155&94', '新街口站，南京', '南京大学'),
(47, '156', '南京工艺美术大楼', '鼓楼站，南京');

-- --------------------------------------------------------

--
-- 表的结构 `places`
--

CREATE TABLE IF NOT EXISTS `places` (
  `place_ID` bigint(20) NOT NULL AUTO_INCREMENT,
  `place_name` varchar(60) NOT NULL,
  PRIMARY KEY (`place_ID`)
) ENGINE=MyISAM  DEFAULT CHARSET=utf8 AUTO_INCREMENT=21 ;

--
-- 转存表中的数据 `places`
--

INSERT INTO `places` (`place_ID`, `place_name`) VALUES
(2, '南京大学'),
(1, '莫愁湖，南京'),
(3, '新街口，南京'),
(4, '南京新百'),
(5, '雨花台，南京'),
(6, '玄武门，南京'),
(7, '南京长江大桥'),
(8, '南京站'),
(9, '莫愁湖，南京'),
(10, '南京工业大学'),
(11, '马群，南京'),
(12, '古鸡鸣寺，南京'),
(13, '下马坊，南京'),
(14, '南大仙林校区站'),
(15, '南京华美达怡华酒店'),
(16, '应天技术职业学院'),
(17, '都市绿洲酒店'),
(18, '南京第一中学'),
(19, '工艺美术大楼'),
(20, '中华门，南京');

-- --------------------------------------------------------

--
-- 表的结构 `project`
--

CREATE TABLE IF NOT EXISTS `project` (
  `proj_ID` bigint(20) NOT NULL AUTO_INCREMENT,
  `proj_name` varchar(64) NOT NULL,
  `proj_builder` varchar(64) NOT NULL,
  `proj_route_IDs` varchar(500) NOT NULL,
  `proj_buildate` datetime NOT NULL,
  `proj_starttime` datetime NOT NULL,
  `proj_endtime` datetime NOT NULL,
  `proj_shift_time` tinyint(4) NOT NULL DEFAULT '30',
  `proj_quantity` tinyint(4) NOT NULL,
  `view_history` tinyint(4) NOT NULL DEFAULT '0',
  `proj_endpoint` varchar(60) NOT NULL,
  PRIMARY KEY (`proj_ID`)
) ENGINE=MyISAM  DEFAULT CHARSET=utf8 AUTO_INCREMENT=101 ;

--
-- 转存表中的数据 `project`
--

INSERT INTO `project` (`proj_ID`, `proj_name`, `proj_builder`, `proj_route_IDs`, `proj_buildate`, `proj_starttime`, `proj_endtime`, `proj_shift_time`, `proj_quantity`, `view_history`, `proj_endpoint`) VALUES
(84, 'demo_project_1', 'test', '56&57&58', '2010-09-21 23:58:20', '2010-12-30 00:58:00', '2010-12-30 00:59:00', 30, 3, 1, '鼓楼站，南京'),
(97, 'demo_2', 'test', '0&0&0', '2010-12-25 11:19:03', '2010-12-27 12:00:00', '2010-12-27 13:00:00', 30, 3, 0, '鼓楼站，南京'),
(98, 'demo_3', 'test', '61&62&63', '2010-12-25 11:40:57', '2010-12-27 12:00:00', '2010-12-27 13:00:00', 30, 3, 0, '鼓楼站，南京'),
(99, 'demo_5', 'test', '64&65&66', '2010-12-25 16:19:13', '2010-12-26 12:00:00', '2010-12-26 13:00:00', 30, 3, 0, '鼓楼站，南京'),
(100, 'demo_for_project', 'test', '67&68&69', '2010-12-25 16:25:18', '2010-12-26 12:00:00', '2010-12-26 13:00:00', 30, 3, 1, '鼓楼站，南京');

-- --------------------------------------------------------

--
-- 表的结构 `route`
--

CREATE TABLE IF NOT EXISTS `route` (
  `route_ID` bigint(20) NOT NULL AUTO_INCREMENT,
  `route_user_ID` bigint(20) NOT NULL,
  `route_path_ID` bigint(20) NOT NULL,
  `route_plan_starttime` datetime NOT NULL,
  `route_plan_endtime` datetime NOT NULL,
  `route_start_p` varchar(60) NOT NULL,
  `route_end_p` varchar(60) NOT NULL,
  `GPS_record` text NOT NULL,
  `route_color` varchar(10) NOT NULL DEFAULT '#ffffff',
  `route_actual_starttime` datetime NOT NULL,
  `route_actual_endtime` datetime NOT NULL,
  PRIMARY KEY (`route_ID`)
) ENGINE=MyISAM  DEFAULT CHARSET=utf8 AUTO_INCREMENT=70 ;

--
-- 转存表中的数据 `route`
--

INSERT INTO `route` (`route_ID`, `route_user_ID`, `route_path_ID`, `route_plan_starttime`, `route_plan_endtime`, `route_start_p`, `route_end_p`, `GPS_record`, `route_color`, `route_actual_starttime`, `route_actual_endtime`) VALUES
(56, 5, 39, '2010-09-21 20:58:13', '2010-09-21 21:00:00', '工艺美术大楼，南京', '鼓楼站，南京', '2010-12-25 02:46:33+32.05839,118.7858&2010-12-25 02:46:34+32.0584,118.78564', '#000000', '2010-12-25 02:46:33', '2010-12-25 02:46:34'),
(63, 1, 45, '2010-12-27 12:37:44', '2010-12-27 13:00:00', '南京大学', '鼓楼站，南京', '2010-12-26 15:32:08+32.0537300,118.7805000&2010-12-26 15:32:10+32.0537100,118.7802000&2010-12-26 15:32:12+32.0536800,118.7799000&2010-12-26 15:32:14+32.0536500,118.7796000&2010-12-26 15:32:16+32.0536200,118.7793000&2010-12-26 15:32:18+32.0536000,118.7790000&2010-12-26 15:32:20+32.0535700,118.7787100&2010-12-26 15:32:22+32.0535500,118.7784500&2010-12-26 15:32:24+32.0535200,118.7781700&2010-12-26 15:32:26+32.0537000,118.7781600&2010-12-26 15:32:28+32.0539000,118.7781400&2010-12-26 15:32:30+32.0539100,118.7778300&2010-12-26 15:32:32+32.0539400,118.7775400&2010-12-26 15:32:34+32.0540100,118.7772300&2010-12-26 15:32:36+32.0540800,118.7769300&2010-12-26 15:32:38+32.0541400,118.7766200&2010-12-26 15:32:40+32.0541900,118.7763200&2010-12-26 15:32:42+32.0543000,118.7760500&2010-12-26 15:32:44+32.0544100,118.7757800&2010-12-26 15:32:46+32.0545100,118.7755000&2010-12-26 15:32:48+32.0545800,118.7752100&2010-12-26 15:32:50+32.0546400,118.7749200&2010-12-26 15:32:52+32.0546700,118.7746200&2010-12-26 15:32:54+32.0546900,118.7743200&2010-12-26 15:32:56+32.0547000,118.7740200&2010-12-26 15:32:58+32.0549500,118.7740100&2010-12-26 15:33:00+32.0552100,118.7740300&2010-12-26 15:33:02+32.0554500,118.7740500&2010-12-26 15:33:04+32.0557000,118.7740900&2010-12-26 15:33:06+32.0559500,118.7741200&2010-12-26 15:33:08+32.0562000,118.7741600&2010-12-26 15:33:10+32.0564600,118.7742000&2010-12-26 15:33:12+32.0567200,118.7742400&2010-12-26 15:33:14+32.0569600,118.7742800&2010-12-26 15:33:16+32.0572100,118.7743200&2010-12-26 15:33:18+32.0574600,118.7743500&2010-12-26 15:33:20+32.0576900,118.7743900&2010-12-26 15:33:22+32.0579500,118.7744300&2010-12-26 15:33:24+32.0582100,118.7744700&2010-12-26 15:33:26+32.0584600,118.7745000&2010-12-26 15:33:28+32.0587000,118.7745400&2010-12-26 15:33:30+32.0589500,118.7745800&2010-12-26 15:33:32+32.0591800,118.7746200&2010-12-26 15:33:34+32.0594300,118.7746600&2010-12-26 15:33:36+32.0596700,118.7746800&2010-12-26 15:33:38+32.0599200,118.7746900&2010-12-26 15:33:40+32.0601800,118.7746800&2010-12-26 15:33:42+32.0604300,118.7746600&2010-12-26 15:33:44+32.0606700,118.7746300&2010-12-26 15:33:46+32.0609300,118.7746000&2010-12-26 15:33:48+32.0611800,118.7745900&2010-12-26 15:33:50+32.0614300,118.7745900&2010-12-26 15:33:52+32.0616800,118.7746000&2010-12-26 15:33:54+32.0618400,118.7746200&2010-12-26 15:33:56+32.0618200,118.7749000&2010-12-26 15:33:58+32.0617900,118.7751200&2010-12-26 15:34:00+32.0616500,118.7752800&2010-12-26 15:34:02+32.0616700,118.7755100&2010-12-26 15:34:04+32.0616900,118.7757000&2010-12-26 15:34:06+32.0617000,118.7758800&2010-12-26 15:34:08+32.0617200,118.7760600&2010-12-26 15:34:10+32.0614600,118.7761300&2010-12-26 15:34:12+32.0612200,118.7761900&2010-12-26 15:34:14+32.0609800,118.7762500&2010-12-26 15:34:16+32.0607400,118.7763300&2010-12-26 15:34:18+32.0604900,118.7764000&2010-12-26 15:34:20+32.0602400,118.7764800&2010-12-26 15:34:22+32.0602500,118.7767800&2010-12-26 15:34:24+32.0602600,118.7770800&2010-12-26 15:34:26+32.0602700,118.7773800&2010-12-26 15:34:28+32.0602800,118.7776800&2010-12-26 15:34:30+32.0602900,118.7779800&2010-12-26 15:34:32+32.0603000,118.7782800&2010-12-26 15:34:34+32.0603000,118.7785800&2010-12-26 15:34:36+32.0603100,118.7788400&2010-12-26 15:34:38+32.0603200,118.7791800&2010-12-26 15:34:40+32.0603300,118.7794800&2010-12-26 15:34:42+32.0603100,118.7797800&2010-12-26 15:34:44+32.0603100,118.7800800&2010-12-26 15:34:46+32.0603000,118.7803800&2010-12-26 15:34:48+32.0603200,118.7806800&2010-12-26 15:34:50+32.0603300,118.7809800&2010-12-26 15:34:52+32.0603500,118.7812800&2010-12-26 15:34:54+32.0601100,118.7813700&2010-12-26 15:34:56+32.0598600,118.7814500&2010-12-26 15:34:58+32.0596100,118.7815200&2010-12-26 15:35:00+32.0593700,118.7815800&2010-12-26 15:35:02+32.0591500,118.7816200&2010-12-26 15:35:04+32.0589800,118.7814600&2010-12-26 15:35:06+32.0587600,118.7813900&2010-12-26 15:35:08+32.0585400,118.7814400&2010-12-26 15:35:10+32.05833,118.78157&2010-12-26 15:35:12+32.0582,118.78174&2010-12-26 15:35:14+32.05814,118.78194&2010-12-26 15:35:16+32.05814,118.78212&2010-12-26 15:35:18+32.0582,118.78238&2010-12-26 15:35:20+32.05833,118.78254&2010-12-26 15:35:22+32.05846,118.78264&2010-12-26 15:35:24+32.0585,118.78266&2010-12-26 15:35:26+32.05849,118.78284&2010-12-26 15:35:28+32.05848,118.78309&2010-12-26 15:35:30+32.05847,118.78343', '#53c615', '2010-12-26 15:32:08', '2010-12-26 15:35:32'),
(64, 1, 45, '2010-12-26 12:37:44', '2010-12-26 13:00:00', '南京大学', '鼓楼站，南京', '', '#000000', '2010-12-25 16:21:33', '2010-12-25 16:21:33'),
(65, 6, 41, '2010-12-26 12:58:58', '2010-12-26 13:00:00', '南京华美达怡华酒店', '鼓楼站，南京', '', '#ed2c2c', '2010-12-25 16:21:33', '2010-12-25 16:21:33'),
(66, 5, 47, '2010-12-26 12:58:13', '2010-12-26 13:00:00', '南京工艺美术大楼', '鼓楼站，南京', '', '#1ebe24', '2010-12-25 16:21:33', '2010-12-25 16:21:33'),
(67, 5, 39, '2010-12-26 12:40:29', '2010-12-26 13:00:00', '工艺美术大楼，南京', '鼓楼站，南京', '2010-12-25 08:29:09+32.05814,118.78957&2010-12-25 08:29:11+32.05815,118.78942&2010-12-25 08:29:13+32.05816,118.78926&2010-12-25 08:29:17+32.05816,118.78911&2010-12-25 08:29:18+32.05817,118.78895&2010-12-25 08:29:20+32.05818,118.7888&2010-12-25 08:29:21+32.05819,118.78865&2010-12-25 08:29:22+32.0582,118.78849&2010-12-25 08:29:24+32.05821,118.78834&2010-12-25 08:29:27+32.05822,118.78817&2010-12-25 08:29:27+32.05823,118.78802&2010-12-25 08:29:28+32.05824,118.78786&2010-12-25 08:29:29+32.05826,118.7877&2010-12-25 08:29:30+32.05827,118.78754&2010-12-25 08:29:31+32.05828,118.78738&2010-12-25 08:29:32+32.0583,118.78723&2010-12-25 08:29:34+32.05831,118.78707&2010-12-25 08:29:38+32.05832,118.78692&2010-12-25 08:29:39+32.05833,118.78676&2010-12-25 08:29:39+32.05834,118.7866&2010-12-25 08:29:40+32.05835,118.78644&2010-12-25 08:29:42+32.05836,118.78628&2010-12-25 08:29:43+32.05837,118.78612&2010-12-25 08:29:44+32.05838,118.78596&2010-12-25 08:29:45+32.05839,118.7858&2010-12-25 08:29:46+32.0584,118.78564&2010-12-25 08:29:48+32.05841,118.78548&2010-12-25 08:29:49+32.05842,118.78532&2010-12-25 08:29:51+32.05843,118.78516&2010-12-25 08:29:52+32.05844,118.785&2010-12-25 08:29:54+32.05845,118.78484&2010-12-25 08:29:55+32.05847,118.78468&2010-12-25 08:29:55+32.05849,118.78452&2010-12-25 08:29:56+32.0585,118.78441&2010-12-25 08:29:57+32.05863,118.78442&2010-12-25 08:29:58+32.05877,118.78442&2010-12-25 08:29:59+32.0589,118.78443&2010-12-25 08:30:01+32.05904,118.78443&2010-12-25 08:30:02+32.05914,118.78439&2010-12-25 08:30:03+32.05923,118.78429&2010-12-25 08:30:05+32.05928,118.7841&2010-12-25 08:30:06+32.05923,118.78388&2010-12-25 08:30:07+32.0591,118.78378&2010-12-25 08:30:08+32.05894,118.78378', '#000000', '2010-12-25 08:29:09', '2010-12-25 08:30:10'),
(68, 6, 44, '2010-12-26 12:59:14', '2010-12-26 13:00:00', '南京华美达怡华酒店，南京', '鼓楼站，南京', '2010-12-25 08:29:05+32.0626,118.77972&2010-12-25 08:29:09+32.06251,118.77983&2010-12-25 08:29:11+32.06242,118.77993&2010-12-25 08:29:13+32.06233,118.78004&2010-12-25 08:29:15+32.06223,118.78016&2010-12-25 08:29:17+32.06214,118.78026&2010-12-25 08:29:18+32.06205,118.78037&2010-12-25 08:29:20+32.06196,118.78047&2010-12-25 08:29:22+32.06188,118.78057&2010-12-25 08:29:24+32.06179,118.78068&2010-12-25 08:29:27+32.06169,118.78079&2010-12-25 08:29:28+32.0616,118.7809&2010-12-25 08:29:30+32.06151,118.78101&2010-12-25 08:29:32+32.06142,118.78111&2010-12-25 08:29:34+32.06132,118.78122&2010-12-25 08:29:35+32.06123,118.78133&2010-12-25 08:29:37+32.06113,118.78144&2010-12-25 08:29:39+32.06104,118.78154&2010-12-25 08:29:41+32.06094,118.78165&2010-12-25 08:29:44+32.06084,118.78176&2010-12-25 08:29:46+32.06075,118.78187&2010-12-25 08:29:48+32.06066,118.78197&2010-12-25 08:29:50+32.06057,118.78207&2010-12-25 08:29:52+32.06048,118.78218&2010-12-25 08:29:54+32.06039,118.78228&2010-12-25 08:29:56+32.06029,118.7823&2010-12-25 08:30:02+32.0602,118.7825&2010-12-25 08:30:04+32.06009,118.78263&2010-12-25 08:30:05+32.05997,118.78277&2010-12-25 08:30:07+32.05988,118.78287&2010-12-25 08:30:09+32.05979,118.78298&2010-12-25 08:30:11+32.05969,118.78309&2010-12-25 08:30:12+32.0596,118.7832&2010-12-25 08:30:13+32.0595,118.78331&2010-12-25 08:30:14+32.05941,118.78342&2010-12-25 08:30:16+32.05932,118.78352&2010-12-25 08:30:18+32.05923,118.78363&2010-12-25 08:30:19+32.05916,118.7837&2010-12-25 08:30:20+32.0591,118.78378&2010-12-25 08:30:21+32.05903,118.78378&2010-12-25 08:30:22+32.05894,118.78378', '#d21414', '2010-12-25 08:29:05', '2010-12-25 08:30:23'),
(69, 1, 45, '2010-12-26 12:37:44', '2010-12-26 13:00:00', '南京大学', '鼓楼站，南京', '2010-12-25 08:28:58+32.0537300,118.7805000&2010-12-25 08:29:02+32.0537100,118.7802000&2010-12-25 08:29:03+32.0536800,118.7799000&2010-12-25 08:29:04+32.0536500,118.7796000&2010-12-25 08:29:06+32.0536200,118.7793000&2010-12-25 08:29:07+32.0536000,118.7790000&2010-12-25 08:29:08+32.0535700,118.7787100&2010-12-25 08:29:09+32.0535500,118.7784500&2010-12-25 08:29:10+32.0535200,118.7781700&2010-12-25 08:29:11+32.0537000,118.7781600&2010-12-25 08:29:12+32.0539000,118.7781400&2010-12-25 08:29:12+32.0539100,118.7778300&2010-12-25 08:29:13+32.0539400,118.7775400&2010-12-25 08:29:14+32.0540100,118.7772300&2010-12-25 08:29:15+32.0540800,118.7769300&2010-12-25 08:29:15+32.0541400,118.7766200&2010-12-25 08:29:16+32.0541900,118.7763200&2010-12-25 08:29:17+32.0543000,118.7760500&2010-12-25 08:29:21+32.0544100,118.7757800&2010-12-25 08:29:21+32.0545100,118.7755000&2010-12-25 08:29:22+32.0545800,118.7752100&2010-12-25 08:29:23+32.0546400,118.7749200&2010-12-25 08:29:24+32.0546700,118.7746200&2010-12-25 08:29:24+32.0546900,118.7743200&2010-12-25 08:29:26+32.0547000,118.7740200&2010-12-25 08:29:26+32.0549500,118.7740100&2010-12-25 08:29:27+32.0552100,118.7740300&2010-12-25 08:29:28+32.0554500,118.7740500&2010-12-25 08:29:29+32.0557000,118.7740900&2010-12-25 08:29:30+32.0559500,118.7741200&2010-12-25 08:29:31+32.0562000,118.7741600&2010-12-25 08:29:32+32.0564600,118.7742000&2010-12-25 08:29:33+32.0567200,118.7742400&2010-12-25 08:29:34+32.0569600,118.7742800&2010-12-25 08:29:35+32.0572100,118.7743200&2010-12-25 08:29:36+32.0574600,118.7743500&2010-12-25 08:29:37+32.0576900,118.7743900&2010-12-25 08:29:38+32.0579500,118.7744300&2010-12-25 08:29:39+32.0582100,118.7744700&2010-12-25 08:29:40+32.0584600,118.7745000&2010-12-25 08:29:41+32.0587000,118.7745400&2010-12-25 08:29:42+32.0589500,118.7745800&2010-12-25 08:29:43+32.0591800,118.7746200&2010-12-25 08:29:44+32.0594300,118.7746600&2010-12-25 08:29:45+32.0596700,118.7746800&2010-12-25 08:29:46+32.0599200,118.7746900&2010-12-25 08:29:47+32.0601800,118.7746800&2010-12-25 08:29:48+32.0604300,118.7746600&2010-12-25 08:29:49+32.0606700,118.7746300&2010-12-25 08:29:50+32.0609300,118.7746000&2010-12-25 08:29:51+32.0611800,118.7745900&2010-12-25 08:29:52+32.0614300,118.7745900&2010-12-25 08:29:53+32.0616800,118.7746000&2010-12-25 08:29:54+32.0618400,118.7746200&2010-12-25 08:29:55+32.0618200,118.7749000&2010-12-25 08:29:56+32.0617900,118.7751200&2010-12-25 08:29:57+32.0616500,118.7752800&2010-12-25 08:29:58+32.0616700,118.7755100&2010-12-25 08:29:59+32.0616900,118.7757000&2010-12-25 08:30:00+32.0617000,118.7758800&2010-12-25 08:30:01+32.0617200,118.7760600&2010-12-25 08:30:02+32.0614600,118.7761300&2010-12-25 08:30:04+32.0612200,118.7761900&2010-12-25 08:30:04+32.0609800,118.7762500&2010-12-25 08:30:05+32.0607400,118.7763300&2010-12-25 08:30:06+32.0604900,118.7764000&2010-12-25 08:30:07+32.0602400,118.7764800&2010-12-25 08:30:09+32.0602500,118.7767800&2010-12-25 08:30:10+32.0602600,118.7770800&2010-12-25 08:30:11+32.0602700,118.7773800&2010-12-25 08:30:12+32.0602800,118.7776800&2010-12-25 08:30:13+32.0602900,118.7779800&2010-12-25 08:30:14+32.0603000,118.7782800&2010-12-25 08:30:14+32.0603000,118.7785800&2010-12-25 08:30:15+32.0603100,118.7788400&2010-12-25 08:30:17+32.0603200,118.7791800&2010-12-25 08:30:18+32.0603300,118.7794800&2010-12-25 08:30:19+32.0603100,118.7797800&2010-12-25 08:30:20+32.0603100,118.7800800&2010-12-25 08:30:21+32.0603000,118.7803800&2010-12-25 08:30:22+32.0603200,118.7806800&2010-12-25 08:30:23+32.0603300,118.7809800&2010-12-25 08:30:24+32.0603500,118.7812800&2010-12-25 08:30:25+32.0601100,118.7813700&2010-12-25 08:30:26+32.0598600,118.7814500&2010-12-25 08:30:27+32.0596100,118.7815200&2010-12-25 08:30:28+32.0593700,118.7815800&2010-12-25 08:30:29+32.0591500,118.7816200&2010-12-25 08:30:30+32.0589800,118.7814600&2010-12-25 08:30:31+32.0587600,118.7813900&2010-12-25 08:30:32+32.0585400,118.7814400&2010-12-25 08:30:33+32.05833,118.78157&2010-12-25 08:30:34+32.0582,118.78174&2010-12-25 08:30:35+32.05814,118.78194&2010-12-25 08:30:36+32.05814,118.78212&2010-12-25 08:30:37+32.0582,118.78238&2010-12-25 08:30:38+32.05833,118.78254&2010-12-25 08:30:39+32.05846,118.78264&2010-12-25 08:30:40+32.0585,118.78266&2010-12-25 08:30:41+32.05849,118.78284&2010-12-25 08:30:42+32.05848,118.78309&2010-12-25 08:30:43+32.05847,118.78343&2010-12-25 08:30:44+32.05845,118.78378&2010-12-25 08:30:45+32.05835,118.78379&2010-12-25 08:30:46+32.05828,118.78387&2010-12-25 08:30:47+32.05823,118.78402&2010-12-25 08:30:48+32.05823,118.78421&2010-12-25 08:30:49+32.05832,118.78439&2010-12-25 08:30:50+32.05845,118.78441&2010-12-25 08:30:51+32.05865,118.78442&2010-12-25 08:30:52+32.05885,118.78442&2010-12-25 08:30:53+32.05905,118.78443&2010-12-25 08:30:54+32.05923,118.78429&2010-12-25 08:30:55+32.05928,118.7841&2010-12-25 08:30:56+32.05923,118.78388&2010-12-25 08:30:57+32.0591,118.78378&2010-12-25 08:30:58+32.05894,118.78378&2010-12-25 08:30:59+32.0587300,118.7813900&2010-12-25 08:31:00+32.0589400,118.7837800', '#16b11c', '2010-12-25 08:28:58', '2010-12-25 08:31:01'),
(62, 6, 44, '2010-12-27 12:59:14', '2010-12-27 13:00:00', '南京华美达怡华酒店，南京', '鼓楼站，南京', '2010-12-26 15:51:22+32.0626,118.77972&2010-12-26 15:51:24+32.06251,118.77983&2010-12-26 15:51:26+32.06242,118.77993&2010-12-26 15:51:28+32.06233,118.78004&2010-12-26 15:51:30+32.06223,118.78016&2010-12-26 15:51:32+32.06214,118.78026&2010-12-26 15:51:34+32.06205,118.78037&2010-12-26 15:51:36+32.06196,118.78047&2010-12-26 15:51:38+32.06188,118.78057&2010-12-26 15:51:40+32.06179,118.78068&2010-12-26 15:51:42+32.06169,118.78079&2010-12-26 15:51:44+32.0616,118.7809&2010-12-26 15:51:46+32.06151,118.78101&2010-12-26 15:51:48+32.06142,118.78111&2010-12-26 15:51:50+32.06132,118.78122&2010-12-26 15:51:52+32.06123,118.78133&2010-12-26 15:51:54+32.06113,118.78144&2010-12-26 15:51:56+32.06104,118.78154&2010-12-26 15:51:58+32.06094,118.78165&2010-12-26 15:52:00+32.06084,118.78176&2010-12-26 15:52:02+32.06075,118.78187&2010-12-26 15:52:04+32.06066,118.78197&2010-12-26 15:52:06+32.06057,118.78207&2010-12-26 15:52:08+32.06048,118.78218&2010-12-26 15:52:10+32.06039,118.78228&2010-12-26 15:52:12+32.06029,118.7823&2010-12-26 15:52:14+32.0602,118.7825&2010-12-26 15:52:16+32.06009,118.78263&2010-12-26 15:52:18+32.05997,118.78277&2010-12-26 15:52:20+32.05988,118.78287&2010-12-26 15:52:22+32.05979,118.78298&2010-12-26 15:52:24+32.05969,118.78309&2010-12-26 15:52:26+32.0596,118.7832&2010-12-26 15:52:28+32.0595,118.78331&2010-12-26 15:52:30+32.05941,118.78342&2010-12-26 15:52:32+32.05932,118.78352&2010-12-26 15:52:34+32.05923,118.78363&2010-12-26 15:52:36+32.05916,118.7837&2010-12-26 15:52:38+32.0591,118.78378&2010-12-26 15:52:40+32.05903,118.78378&2010-12-26 15:52:42+32.05894,118.78378', '#f13232', '2010-12-26 15:51:22', '2010-12-26 15:52:44'),
(57, 6, 44, '2010-09-21 20:58:58', '2010-09-21 21:00:00', '南京华美达怡华酒店，南京', '鼓楼站，南京', '2010-12-19 14:30:32+32.0580500,118.7771000&2010-12-19 14:30:33+32.0580700,118.7768800&2010-12-19 14:30:34+32.0583600,118.7769000&2010-12-19 14:30:35+32.05864,118.77688&2010-12-19 14:30:36+32.05892,118.77688&2010-12-19 14:30:37+32.0589,118.77723&2010-12-19 14:30:38+32.05889,118.77757&2010-12-19 14:30:39+32.05889,118.77792&2010-12-19 14:30:40+32.05889,118.77825&2010-12-19 14:30:41+32.05891,118.7786&2010-12-19 14:30:42+32.05893,118.77894&2010-12-19 14:30:43+32.05895,118.77928&2010-12-19 14:30:44+32.05898,118.77962&2010-12-19 14:30:45+32.05899,118.77997&2010-12-19 14:30:46+32.05901,118.78031&2010-12-19 14:30:47+32.05901,118.78052&2010-12-19 14:30:48+32.05901,118.78074&2010-12-19 14:30:49+32.05898,118.78089&2010-12-19 14:30:50+32.05885,118.78118&2010-12-19 14:30:51+32.05873,118.78139&2010-12-19 14:30:52+32.0585,118.78146&2010-12-19 14:30:53+32.05833,118.78157&2010-12-19 14:30:54+32.0582,118.78174&2010-12-19 14:30:55+32.05814,118.78194&2010-12-19 14:30:56+32.05814,118.78212&2010-12-19 14:30:57+32.0582,118.78238&2010-12-19 14:30:58+32.05833,118.78254&2010-12-19 14:30:59+32.05846,118.78264&2010-12-19 14:31:00+32.0585,118.78266&2010-12-19 14:31:01+32.05849,118.78284&2010-12-19 14:31:02+32.05848,118.78309&2010-12-19 14:31:03+32.05847,118.78343&2010-12-19 14:31:04+32.05845,118.78378&2010-12-19 14:31:05+32.05835,118.78379&2010-12-19 14:31:06+32.05828,118.78387&2010-12-19 14:31:07+32.05823,118.78402&2010-12-19 14:31:08+32.05823,118.78421&2010-12-19 14:31:09+32.05832,118.78439&2010-12-19 14:31:10+32.05845,118.78441&2010-12-19 14:31:11+32.05865,118.78442&2010-12-19 14:31:12+32.05885,118.78442&2010-12-19 14:31:13+32.05905,118.78443&2010-12-19 14:31:14+32.05923,118.78429&2010-12-19 14:31:15+32.05928,118.7841&2010-12-19 14:31:16+32.05923,118.78388&2010-12-19 14:31:17+32.0591,118.78378&2010-12-19 14:31:18+32.05894,118.78378', '#132f90', '2010-12-19 14:30:32', '2010-12-19 14:31:19'),
(58, 1, 45, '2010-09-21 20:57:17', '2010-09-21 21:00:00', '南京大学', '鼓楼站，南京', '2010-12-23 16:13:57+32.0537300,118.7805000&2010-12-23 16:13:58+32.0537100,118.7802000&2010-12-23 16:13:59+32.0536800,118.7799000&2010-12-23 16:14:00+32.0536500,118.7796000&2010-12-23 16:14:01+32.0536200,118.7793000&2010-12-23 16:14:02+32.0536000,118.7790000&2010-12-23 16:14:03+32.0535700,118.7787100&2010-12-23 16:14:04+32.0535500,118.7784500&2010-12-23 16:14:05+32.0535200,118.7781700&2010-12-23 16:14:06+32.0537000,118.7781600&2010-12-23 16:14:07+32.0539000,118.7781400&2010-12-23 16:14:08+32.0539100,118.7778300&2010-12-23 16:14:09+32.0539400,118.7775400&2010-12-23 16:14:10+32.0540100,118.7772300&2010-12-23 16:14:11+32.0540800,118.7769300&2010-12-23 16:14:12+32.0541400,118.7766200&2010-12-23 16:14:13+32.0541900,118.7763200&2010-12-23 16:14:14+32.0543000,118.7760500&2010-12-23 16:14:15+32.0544100,118.7757800&2010-12-23 16:14:16+32.0545100,118.7755000&2010-12-23 16:14:17+32.0545800,118.7752100&2010-12-23 16:14:18+32.0546400,118.7749200&2010-12-23 16:14:19+32.0546700,118.7746200&2010-12-23 16:14:20+32.0546900,118.7743200&2010-12-23 16:14:21+32.0547000,118.7740200&2010-12-23 16:14:22+32.0549500,118.7740100&2010-12-23 16:14:23+32.0552100,118.7740300&2010-12-23 16:14:24+32.0554500,118.7740500&2010-12-23 16:14:25+32.0557000,118.7740900&2010-12-23 16:14:26+32.0559500,118.7741200&2010-12-23 16:14:27+32.0562000,118.7741600&2010-12-23 16:14:28+32.0564600,118.7742000&2010-12-23 16:14:29+32.0567200,118.7742400&2010-12-23 16:14:30+32.0569600,118.7742800&2010-12-23 16:14:31+32.0572100,118.7743200&2010-12-23 16:14:32+32.0574600,118.7743500&2010-12-23 16:14:33+32.0576900,118.7743900&2010-12-23 16:14:34+32.0579500,118.7744300&2010-12-23 16:14:35+32.0582100,118.7744700&2010-12-23 16:14:36+32.0584600,118.7745000&2010-12-23 16:14:37+32.0587000,118.7745400&2010-12-23 16:14:38+32.0589500,118.7745800&2010-12-23 16:14:39+32.0591800,118.7746200&2010-12-23 16:14:40+32.0594300,118.7746600&2010-12-23 16:14:41+32.0596700,118.7746800&2010-12-23 16:14:42+32.0599200,118.7746900&2010-12-23 16:14:43+32.0601800,118.7746800&2010-12-23 16:14:44+32.0604300,118.7746600&2010-12-23 16:14:45+32.0606700,118.7746300&2010-12-23 16:14:46+32.0609300,118.7746000&2010-12-23 16:15:59+32.0537300,118.7805000&2010-12-23 16:16:00+32.0537100,118.7802000&2010-12-23 16:16:01+32.0536800,118.7799000&2010-12-23 16:16:02+32.0536500,118.7796000&2010-12-23 16:16:03+32.0536200,118.7793000&2010-12-23 16:16:04+32.0536000,118.7790000&2010-12-23 16:16:05+32.0535700,118.7787100&2010-12-23 16:16:06+32.0535500,118.7784500&2010-12-23 16:16:07+32.0535200,118.7781700&2010-12-23 16:16:08+32.0537000,118.7781600&2010-12-23 16:16:09+32.0539000,118.7781400&2010-12-23 16:16:10+32.0539100,118.7778300&2010-12-23 16:16:11+32.0539400,118.7775400&2010-12-23 16:16:12+32.0540100,118.7772300&2010-12-23 16:16:13+32.0540800,118.7769300&2010-12-23 16:16:14+32.0541400,118.7766200&2010-12-23 16:16:15+32.0541900,118.7763200&2010-12-23 16:16:16+32.0543000,118.7760500&2010-12-23 16:16:17+32.0544100,118.7757800&2010-12-23 16:16:18+32.0545100,118.7755000&2010-12-23 16:16:19+32.0545800,118.7752100&2010-12-23 16:16:20+32.0546400,118.7749200&2010-12-23 16:16:21+32.0546700,118.7746200&2010-12-23 16:16:22+32.0546900,118.7743200&2010-12-23 16:16:23+32.0547000,118.7740200&2010-12-23 16:16:24+32.0549500,118.7740100&2010-12-23 16:16:25+32.0552100,118.7740300&2010-12-23 16:16:26+32.0554500,118.7740500&2010-12-23 16:16:27+32.0557000,118.7740900&2010-12-23 16:16:28+32.0559500,118.7741200&2010-12-23 16:16:29+32.0562000,118.7741600&2010-12-23 16:16:30+32.0564600,118.7742000&2010-12-23 16:16:31+32.0567200,118.7742400', '#219730', '2010-12-23 16:13:57', '2010-12-23 16:16:31'),
(61, 5, 39, '2010-12-27 12:40:29', '2010-12-27 13:00:00', '工艺美术大楼，南京', '鼓楼站，南京', '2010-12-26 15:34:10+32.05814,118.78957&2010-12-26 15:34:12+32.05815,118.78942&2010-12-26 15:34:14+32.05816,118.78926&2010-12-26 15:34:16+32.05816,118.78911&2010-12-26 15:34:18+32.05817,118.78895&2010-12-26 15:34:20+32.05818,118.7888&2010-12-26 15:34:22+32.05819,118.78865&2010-12-26 15:34:24+32.0582,118.78849&2010-12-26 15:34:26+32.05821,118.78834&2010-12-26 15:34:28+32.05822,118.78817&2010-12-26 15:34:30+32.05823,118.78802&2010-12-26 15:34:32+32.05824,118.78786&2010-12-26 15:34:34+32.05826,118.7877&2010-12-26 15:34:36+32.05827,118.78754&2010-12-26 15:34:38+32.05828,118.78738&2010-12-26 15:34:43+32.0583,118.78723&2010-12-26 15:34:45+32.05831,118.78707&2010-12-26 15:34:47+32.05832,118.78692&2010-12-26 15:34:49+32.05833,118.78676&2010-12-26 15:34:51+32.05834,118.7866&2010-12-26 15:34:53+32.05835,118.78644&2010-12-26 15:34:55+32.05836,118.78628&2010-12-26 15:34:57+32.05837,118.78612&2010-12-26 15:34:59+32.05838,118.78596&2010-12-26 15:35:01+32.05839,118.7858&2010-12-26 15:35:03+32.0584,118.78564&2010-12-26 15:35:05+32.05841,118.78548&2010-12-26 15:35:07+32.05842,118.78532&2010-12-26 15:35:09+32.05843,118.78516&2010-12-26 15:35:11+32.05844,118.785&2010-12-26 15:35:13+32.05845,118.78484&2010-12-26 15:35:15+32.05847,118.78468&2010-12-26 15:35:17+32.05849,118.78452&2010-12-26 15:35:19+32.0585,118.78441&2010-12-26 15:35:21+32.05863,118.78442&2010-12-26 15:35:23+32.05877,118.78442&2010-12-26 15:35:25+32.0589,118.78443&2010-12-26 15:35:27+32.05904,118.78443&2010-12-26 15:35:29+32.05914,118.78439&2010-12-26 15:35:31+32.05923,118.78429&2010-12-26 15:35:33+32.05928,118.7841&2010-12-26 15:35:35+32.05923,118.78388&2010-12-26 15:35:37+32.0591,118.78378', '#000000', '2010-12-26 15:34:10', '2010-12-26 15:35:38');

-- --------------------------------------------------------

--
-- 表的结构 `setting`
--

CREATE TABLE IF NOT EXISTS `setting` (
  `setting_id` bigint(20) NOT NULL AUTO_INCREMENT,
  `theme-style` varchar(40) NOT NULL DEFAULT 'default',
  `topbar` text CHARACTER SET utf8 NOT NULL,
  `toolbar` varchar(100) NOT NULL,
  PRIMARY KEY (`setting_id`)
) ENGINE=MyISAM  DEFAULT CHARSET=latin1 AUTO_INCREMENT=7 ;

--
-- 转存表中的数据 `setting`
--

INSERT INTO `setting` (`setting_id`, `theme-style`, `topbar`, `toolbar`) VALUES
(1, 'default', '{"effect":{"liHover":{"icon":{"marginTop":"-10px"},"shadowDiv":{"opacity":0.25},"shadowImg":{"height":"10px","marginLeft":"10px","width":"65%"},"iconBack":{"marginTop":"-6px"}},"liMouseout":{"icon":{"marginTop":"4px"},"shadowDiv":{"opacity":1},"shadowImg":{"height":"21px","marginLeft":"0","width":"100%"},"iconBack":{"marginTop":"0px"}}},"speed":250,"allowFlip":true,"show_style":"fix","topbar_is_show":true,"icons":[{"icon_class":"icon-i","name":"工作台--规划方案","url":"javascript:open_wb()"},{"icon_class":"icon-a","name":"控制台--监控交通","url":"javascript:open_cp()"},{"icon_class":"icon-d","name":"回放--查看历史记录","url":"javascript:open_rw()"},{"icon_class":"icon-c","name":"设置--修改，管理个页面属性","url":"javascript:open_st()"},{"icon_class":"icon-g","name":"个人信息--显示个人信息","url":"javascript:open_pi()"},{"icon_class":"icon-j","name":"帮助--帮助页面","url":"javascript:open_hp()"},{"icon_class":"icon-h","name":"导航--提供快速帮助","url":"javascript:open_wg()"},{"icon_class":"icon-b","name":"即时广播--与客户端即时交流","url":"javascript:open_bm()"},{"icon_class":"icon-f","name":"数据管理--管理数据库","url":"javascript:open_dm()"},{"icon_class":"icon-e","name":"网站监控--事实监控服务器状态","url":"javascript:open_wc()"}],"allowScrow":true,"icon_shadow_route":"images/icon-shadow01.png"}', '{}'),
(2, 'black-wood', '{"effect":{"liHover":{"icon":{"marginTop":"-10px"},"shadowDiv":{"opacity":0.25},"shadowImg":{"height":"10px","marginLeft":"10px","width":"65%"},"iconBack":{"marginTop":"-6px"}},"liMouseout":{"icon":{"marginTop":"4px"},"shadowDiv":{"opacity":1},"shadowImg":{"height":"21px","marginLeft":"0","width":"100%"},"iconBack":{"marginTop":"0px"}}},"speed":250,"allowFlip":true,"show_style":"fix","topbar_is_show":true,"icons":[{"icon_class":"icon-i","name":"工作台--规划方案","url":"javascript:open_wb()"},{"icon_class":"icon-a","name":"控制台--监控交通","url":"javascript:open_cp()"},{"icon_class":"icon-d","name":"回放--查看历史记录","url":"javascript:open_rw()"},{"icon_class":"icon-c","name":"设置--修改，管理个页面属性","url":"javascript:open_st()"},{"icon_class":"icon-g","name":"个人信息--显示个人信息","url":"javascript:open_pi()"},{"icon_class":"icon-j","name":"帮助--帮助页面","url":"javascript:open_hp()"},{"icon_class":"icon-h","name":"导航--提供快速帮助","url":"javascript:open_wg()"},{"icon_class":"icon-b","name":"即时广播--与客户端即时交流","url":"javascript:open_bm()"},{"icon_class":"icon-f","name":"数据管理--管理数据库","url":"javascript:open_dm()"},{"icon_class":"icon-e","name":"网站监控--事实监控服务器状态","url":"javascript:open_wc()"}],"allowScrow":true,"icon_shadow_route":"images/icon-shadow01.png"}', '{}'),
(3, 'default', '{"effect":{"liHover":{"icon":{"marginTop":"-10px"},"shadowDiv":{"opacity":0.25},"shadowImg":{"height":"10px","marginLeft":"10px","width":"65%"},"iconBack":{"marginTop":"-6px"}},"liMouseout":{"icon":{"marginTop":"4px"},"shadowDiv":{"opacity":1},"shadowImg":{"height":"21px","marginLeft":"0","width":"100%"},"iconBack":{"marginTop":"0px"}}},"speed":250,"allowFlip":true,"show_style":"fix","topbar_is_show":true,"icons":[{"icon_class":"icon-i","name":"工作台--规划方案","url":"javascript:open_wb()"},{"icon_class":"icon-a","name":"控制台--监控交通","url":"javascript:open_cp()"},{"icon_class":"icon-d","name":"回放--查看历史记录","url":"javascript:open_rw()"},{"icon_class":"icon-c","name":"设置--修改，管理个页面属性","url":"javascript:open_st()"},{"icon_class":"icon-g","name":"个人信息--显示个人信息","url":"javascript:open_pi()"},{"icon_class":"icon-j","name":"帮助--帮助页面","url":"javascript:open_hp()"},{"icon_class":"icon-h","name":"导航--提供快速帮助","url":"javascript:open_wg()"},{"icon_class":"icon-b","name":"即时广播--与客户端即时交流","url":"javascript:open_bm()"},{"icon_class":"icon-f","name":"数据管理--管理数据库","url":"javascript:open_dm()"},{"icon_class":"icon-e","name":"网站监控--事实监控服务器状态","url":"javascript:open_wc()"}],"allowScrow":true,"icon_shadow_route":"images/icon-shadow01.png"}', '{}'),
(4, 'default', '{"effect":{"liHover":{"icon":{"marginTop":"-10px"},"shadowDiv":{"opacity":0.25},"shadowImg":{"height":"10px","marginLeft":"10px","width":"65%"},"iconBack":{"marginTop":"-6px"}},"liMouseout":{"icon":{"marginTop":"4px"},"shadowDiv":{"opacity":1},"shadowImg":{"height":"21px","marginLeft":"0","width":"100%"},"iconBack":{"marginTop":"0px"}}},"speed":250,"allowFlip":true,"show_style":"fix","topbar_is_show":true,"icons":[{"icon_class":"icon-i","name":"工作台--规划方案","url":"javascript:open_wb()"},{"icon_class":"icon-a","name":"控制台--监控交通","url":"javascript:open_cp()"},{"icon_class":"icon-d","name":"回放--查看历史记录","url":"javascript:open_rw()"},{"icon_class":"icon-c","name":"设置--修改，管理个页面属性","url":"javascript:open_st()"},{"icon_class":"icon-g","name":"个人信息--显示个人信息","url":"javascript:open_pi()"},{"icon_class":"icon-j","name":"帮助--帮助页面","url":"javascript:open_hp()"},{"icon_class":"icon-h","name":"导航--提供快速帮助","url":"javascript:open_wg()"},{"icon_class":"icon-b","name":"即时广播--与客户端即时交流","url":"javascript:open_bm()"},{"icon_class":"icon-f","name":"数据管理--管理数据库","url":"javascript:open_dm()"},{"icon_class":"icon-e","name":"网站监控--事实监控服务器状态","url":"javascript:open_wc()"}],"allowScrow":true,"icon_shadow_route":"images/icon-shadow01.png"}', '{}'),
(5, 'default', '{"effect":{"liHover":{"icon":{"marginTop":"-10px"},"shadowDiv":{"opacity":0.25},"shadowImg":{"height":"10px","marginLeft":"10px","width":"65%"},"iconBack":{"marginTop":"-6px"}},"liMouseout":{"icon":{"marginTop":"4px"},"shadowDiv":{"opacity":1},"shadowImg":{"height":"21px","marginLeft":"0","width":"100%"},"iconBack":{"marginTop":"0px"}}},"speed":250,"allowFlip":true,"show_style":"fix","topbar_is_show":true,"icons":[{"icon_class":"icon-i","name":"工作台--规划方案","url":"javascript:open_wb()"},{"icon_class":"icon-a","name":"控制台--监控交通","url":"javascript:open_cp()"},{"icon_class":"icon-d","name":"回放--查看历史记录","url":"javascript:open_rw()"},{"icon_class":"icon-c","name":"设置--修改，管理个页面属性","url":"javascript:open_st()"},{"icon_class":"icon-g","name":"个人信息--显示个人信息","url":"javascript:open_pi()"},{"icon_class":"icon-j","name":"帮助--帮助页面","url":"javascript:open_hp()"},{"icon_class":"icon-h","name":"导航--提供快速帮助","url":"javascript:open_wg()"},{"icon_class":"icon-b","name":"即时广播--与客户端即时交流","url":"javascript:open_bm()"},{"icon_class":"icon-f","name":"数据管理--管理数据库","url":"javascript:open_dm()"},{"icon_class":"icon-e","name":"网站监控--事实监控服务器状态","url":"javascript:open_wc()"}],"allowScrow":true,"icon_shadow_route":"images/icon-shadow01.png"}', '{}'),
(6, 'default', '{"effect":{"liHover":{"icon":{"marginTop":"-10px"},"shadowDiv":{"opacity":0.25},"shadowImg":{"height":"10px","marginLeft":"10px","width":"65%"},"iconBack":{"marginTop":"-6px"}},"liMouseout":{"icon":{"marginTop":"4px"},"shadowDiv":{"opacity":1},"shadowImg":{"height":"21px","marginLeft":"0","width":"100%"},"iconBack":{"marginTop":"0px"}}},"speed":250,"allowFlip":true,"show_style":"fix","topbar_is_show":true,"icons":[{"icon_class":"icon-i","name":"工作台--规划方案","url":"javascript:open_wb()"},{"icon_class":"icon-a","name":"控制台--监控交通","url":"javascript:open_cp()"},{"icon_class":"icon-d","name":"回放--查看历史记录","url":"javascript:open_rw()"},{"icon_class":"icon-c","name":"设置--修改，管理个页面属性","url":"javascript:open_st()"},{"icon_class":"icon-g","name":"个人信息--显示个人信息","url":"javascript:open_pi()"},{"icon_class":"icon-j","name":"帮助--帮助页面","url":"javascript:open_hp()"},{"icon_class":"icon-h","name":"导航--提供快速帮助","url":"javascript:open_wg()"},{"icon_class":"icon-b","name":"即时广播--与客户端即时交流","url":"javascript:open_bm()"},{"icon_class":"icon-f","name":"数据管理--管理数据库","url":"javascript:open_dm()"},{"icon_class":"icon-e","name":"网站监控--事实监控服务器状态","url":"javascript:open_wc()"}],"allowScrow":true,"icon_shadow_route":"images/icon-shadow01.png"}', '{}');

-- --------------------------------------------------------

--
-- 表的结构 `subpath`
--

CREATE TABLE IF NOT EXISTS `subpath` (
  `subpath_ID` bigint(20) NOT NULL AUTO_INCREMENT,
  `subpath_start_p` varchar(60) NOT NULL,
  `subpath_end_p` varchar(60) NOT NULL,
  `subpath_time` int(11) NOT NULL,
  `subpath_use_times` int(11) NOT NULL,
  PRIMARY KEY (`subpath_ID`)
) ENGINE=MyISAM  DEFAULT CHARSET=utf8 AUTO_INCREMENT=157 ;

--
-- 转存表中的数据 `subpath`
--

INSERT INTO `subpath` (`subpath_ID`, `subpath_start_p`, `subpath_end_p`, `subpath_time`, `subpath_use_times`) VALUES
(107, '雨花台，南京', '珍珠泉，南京', 0, 0),
(106, '孝陵卫，南京', '玄武门，南京', 0, 0),
(105, '雨花台，南京', '孝陵卫，南京', 0, 0),
(104, '鼓楼，南京', '玄武门，南京', 0, 0),
(103, '南京新百', '鼓楼，南京', 0, 0),
(102, '孝陵卫，南京', '南京大学', 0, 0),
(101, '南京新百', '孝陵卫，南京', 0, 0),
(100, '莫愁湖，南京', '南京新百', 0, 0),
(99, '鼓楼，南京', '南京大学', 0, 0),
(98, '新街口，南京', '鼓楼，南京', 0, 0),
(97, '南京新百', '南京大学', 0, 0),
(96, '下马坊，南京', '南京大学', 0, 0),
(95, '莫愁湖，南京', '下马坊，南京', 0, 0),
(93, '新街口，南京', '珠江路，南京', 0, 0),
(111, '南大仙林校区站', '马群，南京', 0, 0),
(112, '马群，南京', '南京长江大桥', 0, 0),
(118, '中华门，南京', '南京长江大桥', 0, 0),
(119, '南京长江大桥', '天安门，北京', 0, 0),
(124, '新街口，南京', '南京站', 0, 0),
(125, '南京第一中学', '南京航空航天大学', 0, 0),
(126, '南京航空航天大学', '南京站', 0, 0),
(127, '莫愁湖', '南京站', 0, 0),
(128, '南京工业大学', '玄武湖', 0, 0),
(129, '玄武湖', '南京站', 0, 0),
(130, '南京新百', '马群，南京', 0, 0),
(131, '马群，南京', '南京站', 0, 0),
(132, '东方城，南京', '樱驼花园，南京', 0, 0),
(133, '樱驼花园，南京', '南京站', 0, 0),
(134, '阅江楼景区，南京', '南京新百', 0, 0),
(135, '南京新百', '南京站', 0, 0),
(136, '马群，南京', '莫愁湖', 0, 0),
(137, '莫愁湖', '新街口，南京', 0, 0),
(138, '古鸡鸣寺，南京', '紫霞湖，南京', 0, 0),
(139, '紫霞湖，南京', '新街口，南京', 0, 0),
(140, '下马坊，南京', '莫愁湖，南京', 0, 0),
(141, '莫愁湖，南京', '南京大学', 0, 0),
(144, '应天技术职业学院', '南大仙林校区站', 0, 0),
(146, '都市绿洲酒店', '南大仙林校区站', 0, 0),
(147, '仙林新村南区', '南大仙林校区站', 0, 0),
(148, '工艺美术大楼，南京', '鼓楼站，南京', 999, 36),
(149, '南京大学新闻传播学院，南京', '鼓楼站，南京', 0, 0),
(150, '南京华美达怡华酒店', '鼓楼站，南京', 0, 0),
(151, '新街口，南京', '南京大学', 0, 0),
(152, '南京华美达怡华酒店，南京', '鼓楼站，南京', 49, 33),
(153, '南京大学', '鼓楼公园，南京', 39, 39),
(154, '鼓楼公园，南京', '鼓楼站，南京', 1150, 26),
(155, '新街口站，南京', '珠江路，南京', 0, 0),
(156, '南京工艺美术大楼', '鼓楼站，南京', 0, 0);

-- --------------------------------------------------------

--
-- 表的结构 `users`
--

CREATE TABLE IF NOT EXISTS `users` (
  `user_ID` bigint(20) NOT NULL AUTO_INCREMENT,
  `user_account` varchar(60) NOT NULL,
  `user_password` varchar(64) NOT NULL,
  `user_nicename` varchar(50) NOT NULL,
  `user_email` varchar(100) NOT NULL,
  `user_priority` int(11) NOT NULL,
  `user_registered` datetime NOT NULL,
  `user_picture_path` varchar(100) NOT NULL DEFAULT 'default.gif',
  `user_state` varchar(40) NOT NULL DEFAULT 'offline',
  `setting_id` bigint(20) NOT NULL DEFAULT '0',
  `delegation_id` bigint(20) NOT NULL DEFAULT '1',
  PRIMARY KEY (`user_ID`)
) ENGINE=MyISAM  DEFAULT CHARSET=utf8 AUTO_INCREMENT=7 ;

--
-- 转存表中的数据 `users`
--

INSERT INTO `users` (`user_ID`, `user_account`, `user_password`, `user_nicename`, `user_email`, `user_priority`, `user_registered`, `user_picture_path`, `user_state`, `setting_id`, `delegation_id`) VALUES
(1, 'test', '123456', 'test', 'test@test.com', 1, '2010-08-18 21:35:38', 'default.gif', 'offline', 1, 1),
(2, 'registertest', '123456', 'test', 'test@test.com', 1, '2010-08-21 14:01:52', 'default.gif', 'offline', 2, 1),
(3, 'testmysql', '123456', 'testmysql', 'a@a.com', 1, '2010-08-30 14:19:26', 'default.gif', 'offline', 3, 1),
(4, 'testmysql', '123456', 'testmysql', 'a@a.com', 1, '2010-08-30 19:44:26', 'default.gif', 'offline', 4, 1),
(5, 'dxg', '123456', 'dxg', 'test@test.com', 1, '2010-09-05 20:27:32', 'default.gif', 'offline', 5, 1),
(6, 'qc', '123456', 'qc', 'test@test.com', 1, '2010-09-05 00:00:00', 'default.gif', 'offline', 6, 1);
